{
    "traj_full": {
        "peak_state": [
            0.11703606932639708,
            0.45071785422492555,
            0.5083816503453688,
            0.5083816310869771,
            0.5083816113057072,
            0.5083815914173165,
            0.5083815714871679,
            0.5083815515356362,
            0.5083815315717359,
            0.5083815115999328,
            0.5083814916228817,
            0.5083814716422579,
            0.5083814516590859,
            0.508381431674049,
            0.5083814116876343,
            0.5083813917001866,
            0.5083813717119576,
            0.5083813517231477,
            0.5083813317339168,
            0.5083813117443955,
            0.5083812917546909,
            0.5083812717648953,
            0.5083812517750914,
            0.5083812317853432,
            0.5083812117956932,
            0.508381191806193,
            0.5083811718169011,
            0.5083811518279499,
            0.5083811318394823,
            0.5083811118516757,
            0.5083810918647568,
            0.5083810718790412,
            0.5083810518949633,
            0.5083810319126102,
            0.5083810119314701,
            0.5083809919511595,
            0.5083809719717419,
            0.5083809519932824,
            0.5083809320158599,
            0.5083809120395724,
            0.5083808920645375,
            0.508380872090897,
            0.5083808521187999,
            0.5083808321389811,
            0.5083808121504472,
            0.5083807921735211,
            0.5083807722099628,
            0.5083807522494067,
            0.5083807322923859,
            0.5083807123396489
        ]
    },
    "params": {
        "opt_params": {
            "peak_weight": 10
        },
        "bounds": {
            "max_total_power": 1.5
        },
        "initial_state": {}
    }
}