{
    "traj_full": {
        "room": [
            24.0,
            22.20256127526167,
            22.52629752258274,
            22.84777289389946,
            23.058197769225554,
            23.238943212499066,
            23.400170709674,
            23.54289628822243,
            23.66798831896837,
            23.77707896222927,
            23.87713461974909,
            23.963889163322683,
            24.040266667522623,
            24.107397092363044,
            24.166453360361775,
            24.21634186475166,
            24.2604086042225,
            24.299325357113723,
            24.333597513550398,
            24.363783674930776,
            24.390491223873344,
            24.414402029578902,
            24.43626589696499,
            24.348229048590817,
            23.996776386084715,
            23.61149693058833,
            23.196226001912315,
            22.755096760919724,
            22.29249876907259,
            21.813033981025903,
            21.321470611028918,
            20.82269533455211,
            20.321664303348474,
            19.823353464051337,
            19.3327086774874,
            18.854596137862366,
            18.393753588561836,
            17.95474282244588,
            17.541903943711908,
            17.159311850658746,
            16.810735376757066,
            16.499599509837697,
            16.22895108291136,
            16.001428322338572,
            15.819234647256653,
            15.68411717522374,
            15.59735062901358,
            15.559727938840473,
            15.571559968194933,
            15.632690078156035
        ],
        "wall": [
            18.0,
            18.779999999999998,
            18.465947671846816,
            18.44440653568668,
            18.553658911801804,
            18.680679684924268,
            18.804714846840575,
            18.92018484365764,
            19.024954806288235,
            19.118385340848,
            19.200792619406432,
            19.274896488040056,
            19.340342410047416,
            19.398052751504707,
            19.448860662351443,
            19.493575041392006,
            19.532155258584517,
            19.565821049925358,
            19.595369854598488,
            19.62134751458297,
            19.644206341286726,
            19.664374606412164,
            19.68229732382967,
            19.698452177600394,
            19.67314822789878,
            19.531723965405796,
            19.32552964875029,
            19.079091962645187,
            18.80497718473063,
            18.510464277685642,
            18.200531497938126,
            17.879183300152857,
            17.550029758853064,
            17.216529183722812,
            16.88207891437426,
            16.550037722138757,
            16.223717545971517,
            15.906361723455063,
            15.601117619859753,
            15.311007388110294,
            15.038898709393369,
            14.78747650862713,
            14.559216247522157,
            14.356359212062173,
            14.18089012469325,
            14.034517375596923,
            13.9186561738514,
            13.834415010968154,
            13.782586092306644,
            13.763640929770116
        ],
        "P_hp": [
            0.12073179293190492,
            0.4543096911908263,
            0.521087090311146,
            0.5256201222470911,
            0.5278356630057998,
            0.5279385721078889,
            0.5265840707990846,
            0.524427218638546,
            0.5220037265578716,
            0.5210777992659679,
            0.5191431667715362,
            0.5175156554441462,
            0.5160292571732138,
            0.5147181926046606,
            0.5129708007582022,
            0.5118544183182607,
            0.5109629973649366,
            0.5101910714561063,
            0.5095229700550241,
            0.5089739795060739,
            0.5085817749321747,
            0.5083925754165098,
            0.477409006767399,
            0.39113279421724434,
            0.34698941800926014,
            0.31264144812614914,
            0.28315097419353147,
            0.25643536671841294,
            0.2316909137599529,
            0.20868212006826092,
            0.18742062724765324,
            0.16801954900688154,
            0.15062684061890388,
            0.1353943420450323,
            0.12246299220766488,
            0.11195544700491561,
            0.10397216275498912,
            0.09858917939789522,
            0.09585681336346759,
            0.09579890778321347,
            0.0984124857157722,
            0.10366773814902118,
            0.1115083224346328,
            0.12185197020581398,
            0.13459142894729872,
            0.1495958227576457,
            0.166712645210543,
            0.18577080361920503,
            0.20658584115421968,
            0.2289704097840534
        ]
    },
    "params": {
        "opt_params": {
            "energy_weight": 80,
            "comfort_weight": 1,
            "rho_out": 0.18,
            "rho_in": 0.37,
            "COP": 3.5,
            "outdoor_temperature": [
                10,
                10,
                10,
                10,
                10,
                10,
                10,
                10,
                10,
                10,
                10,
                10,
                10,
                10,
                10,
                10,
                10,
                10,
                10,
                10,
                10,
                10,
                10,
                10,
                10,
                10,
                10,
                10,
                10,
                10,
                10,
                10,
                10,
                10,
                10,
                10,
                10,
                10,
                10,
                10,
                10,
                10,
                10,
                10,
                10,
                10,
                10,
                10,
                10,
                10,
                10,
                10,
                10,
                10,
                10,
                10,
                10,
                10,
                10,
                10,
                10,
                10,
                10,
                10,
                10,
                10,
                10,
                10,
                10,
                10,
                10,
                10,
                10,
                10,
                10,
                10,
                10,
                10,
                10,
                10,
                10,
                10,
                10,
                10,
                10,
                10,
                10,
                10,
                10,
                10,
                10,
                10,
                10,
                10,
                10,
                10,
                10,
                10,
                10,
                10
            ],