{
    "traj_full": {
        "peak_state": [
            0.147433,
            0.159394,
            0.159394,
            0.159394,
            0.159394,
            0.159394,
            0.159394,
            0.159394,
            0.159394,
            0.159394,
            0.159394,
            0.162049,
            0.177052,
            0.190891,
            0.207795,
            0.220574,
            0.220574,
            0.220574,
            0.220574,
            0.220574,
            0.227848,
            0.231947,
            0.23706,
            0.24261,
            0.248037,
            0.253161,
            0.257836,
            0.262044,
            0.262044,
            0.264278
        ]
    },
    "params": {
        "opt_params": {
            "peak_weight": 40
        },
        "bounds": {
            "max_total_power": 20
        },
        "initial_state": {}
    }
}