{
    "traj_full": {
        "hourly_peak": [
            45.510089,
            45.995367,
            46.092099,
            46.122921,
            46.131742
        ]
    },
    "params": {
        "opt_params": {
            "hourly_weight_quad": 1.2000000000000002
        },
        "initial_state": {
            "hourly_peak": 0
        }
    }
}