{
    "traj_full": {
        "peak_state": [
            1.168852052395292,
            1.1688520307665535,
            1.1688520091033339,
            1.1688519874306842,
            1.168851965754322,
            1.168851944075761,
            1.1688519223957736,
            1.1688519007147826,
            1.168851879033037,
            1.168851857350719,
            1.1688518356679622,
            1.1688518139848645,
            1.1688517923014985,
            1.168851770617918,
            1.1688517489341677,
            1.1688517272502918,
            1.1688517055663246,
            1.1688516838822889,
            1.1688516621982121,
            1.1688516405141185,
            1.1688516188300233,
            1.1688515971459281,
            1.1688515754618332,
            1.1688515537777384,
            1.168851532093644,
            1.1688515104095496,
            1.1688514887254557,
            1.1688514670413643,
            1.1688514453572785,
            1.1688514236732068,
            1.168851401989154,
            1.1688513803051186,
            1.1688513586211045,
            1.1688513369371134,
            1.168851315253144,
            1.1688512935691944,
            1.1688512718852615,
            1.168851250201342,
            1.1688512285174326,
            1.1688512068335315,
            1.1688511851496357,
            1.1688511634657435,
            1.1688511417818532,
            1.1688511200979645,
            1.1688510984140768,
            1.1688510767301898,
            1.1688510550463032,
            1.1688510333624171,
            1.1688510116785313,
            1.1688509899946458
        ]
    },
    "params": {
        "opt_params": {
            "peak_weight": 10
        },
        "bounds": {
            "max_total_power": 3.0
        },
        "initial_state": {}
    }
}