{
    "traj_full": {
        "room": [
            10.0,
            13.400000052117157,
            15.712917105462394,
            17.94484692376132,
            19.515065691903583,
            20.113038273461793,
            20.643669338314098,
            21.174546165759217,
            21.635205338195313,
            22.02246647563535,
            22.38940240201765,
            22.731387231635143,
            23.04860916682287,
            23.40266851218206,
            23.703372430109056,
            23.890908986420182,
            24.216582129011442,
            24.53853506827897,
            24.875058014382564,
            24.81366843921826,
            25.029561718817305,
            24.93602931889639,
            24.66235590045436,
            24.348229048730143,
            23.996776386060542,
            23.61149693061633,
            23.196226001927286,
            22.755096760927344,
            22.29249876907514,
            21.813033981022645,
            21.321470611013428,
            20.822695334503603,
            20.321664303199512,
            19.82335346362784,
            19.33270867637649,
            18.854596135205348,
            18.393753582268598,
            17.954742807852263,
            17.541903910133676,
            17.159311773136203,
            16.810735198604227,
            16.49959910170153,
            16.228950148606778,
            16.001426182325616,
            15.819229741197944,
            15.684105939566063,
            15.597324934480804,
            15.559669159170888,
            15.571425447753228,
            15.63238224673724
        ],
        "wall": [
            5.0,
            7.75,
            10.245500019283348,
            12.224254337698591,
            13.940507813756055,
            15.29380282219455,
            16.124035431168412,
            16.693973599202003,
            17.14687020097181,
            17.521117565569583,
            17.832815500491392,
            18.10884586396766,
            18.35959391449045,
            18.589802653245165,
            18.824398543467687,
            19.041227143700812,
            19.208188539640833,
            19.40382023057261,
            19.61097707902089,
            19.82871115088095,
            19.903977340407184,
            20.017727639145637,
            20.034308285607203,
            19.940510411691356,
            19.782074433291264,
            19.58074075782347,
            19.347587205348603,
            19.089017863119967,
            18.809443839947104,
            18.512474272534,
            18.201435995618677,
            17.879590324103372,
            17.55021291961285,
            17.2166116060096,
            16.88211600424662,
            16.55005441217028,
            16.223725055502605,
            15.906365100415554,
            15.601119134092336,
            15.311008057091012,
            15.03889898175135,
            14.787476565271673,
            14.55921612200182,
            14.356358809885327,
            14.180889151908875,
            14.034515122602233,
            13.918651002810448,
            13.8344031770226,
            13.782559018553398,
            13.763578974017722
        ],
        "P_hp": [
            1.5000000148906159,
            1.258119163608167,
            1.2156783257671928,
            1.0533822928529928,
            0.7601597132779417,
            0.6610709090917677,
            0.6294689637397212,
            0.6052774348749338,
            0.585127182346496,
            0.5806957208876099,
            0.579406280909202,
            0.5793034974927698,
            0.5968557110634816,
            0.5947040816381839,
            0.5693591126766949,
            0.6057301212564086,
            0.6214453049527594,
            0.638962124587127,
            0.5389486774055762,
            0.5886649932239564,
            0.5151239485973811,
            0.441742343733072,
            0.3995002187912086,
            0.365543780867071,
            0.33547436202297803,
            0.3074596729269467,
            0.2808191753526199,
            0.2553860572390081,
            0.23121872449282252,
            0.20846963489473733,
            0.18732500891035236,
            0.16797652072685595,
            0.15060747781582523,
            0.13538562859068565,
            0.12245907071911706,
            0.11195368131034897,
            0.10397136585345193,
            0.09858881543799863,
            0.09585663718223501,
            0.09579880011564078,
            0.09841237238081912,
            0.10366753868122758,
            0.11150789244647766,
            0.12185099619292394,
            0.1345892046871643,
            0.1495907420546736,
            0.16670102268803252,
            0.18574420056491645,
            0.20652496508227106,
            0.22883048279668666
        ]
    },
    "params": {
        "opt_params": {
            "energy_weight": 80,
            "comfort_weight": 1,
            "rho_out": 0.18,
            "rho_in": 0.37,
            "COP": 3.5,
            "outdoor_temperature": [
                10,
                10,
                10,
                10,
                10,
                10,
                10,
                10,
                10,
                10,
                10,
                10,
                10,
                10,
                10,
                10,
                10,
                10,
                10,
                10,
                10,
                10,
                10,
                10,
                10,
                10,
                10,
                10,
                10,
                10,
                10,
                10,
                10,
                10,
                10,
                10,
                10,
                10,
                10,
                10,
                10,
                10,
                10,
                10,
                10,
                10,
                10,
                10,
                10,
                10,
                10,
                10,
                10,
                10,
                10,
                10,
                10,
                10,
                10,
                10,
                10,
                10,
                10,
                10,
                10,
                10,
                10,
                10,
                10,
                10,
                10,
                10,
                10,
                10,
                10,
                10,
                10,
                10,
                10,
                10,
                10,
                10,
                10,
                10,
                10,
                10,
                10,
                10,
                10,
                10,
                10,
                10,
                10,
                10,
                10,
                10,
                10,
                10,
                10,
                10
            ],