{
    "traj_full": {
        "room": [
            24.0,
            21.779999965488617,
            20.669999943701914,
            19.796651926119775,
            19.515065696155148,
            20.11303827409118,
            20.643669338573893,
            21.174546165865376,
            21.63520533824193,
            22.022466475656465,
            22.389402402026775,
            22.731387231639058,
            23.048609166824544,
            23.40266851218272,
            23.703372430109336,
            23.89090898642031,
            24.216582129011492,
            24.538535068278993,
            24.87505801438257,
            24.813668439218265,
            25.029561718817305,
            24.936029318896395,
            24.662355900454365,
            24.348229048730143,
            23.996776386060542,
            23.61149693061633,
            23.196226001927286,
            22.755096760927344,
            22.292498769075145,
            21.813033981022645,
            21.321470611013428,
            20.822695334503607,
            20.321664303199512,
            19.82335346362784,
            19.33270867637649,
            18.854596135205348,
            18.393753582268594,
            17.954742807852263,
            17.541903910133676,
            17.1593117731362,
            16.810735198604227,
            16.49959910170153,
            16.228950148606778,
            16.001426182325616,
            15.819229741197944,
            15.684105939566063,
            15.597324934480804,
            15.559669159170888,
            15.571425447753228,
            15.63238224673724
        ],
        "wall": [
            18.0,
            18.779999999999998,
            18.309599987230786,
            17.687219973423563,
            17.08401020070492,
            16.70837889789462,
            16.760594665466314,
            16.980425254732182,
            17.275773445999672,
            17.579124025849367,
            17.858918407625108,
            18.120592172181205,
            18.364879753187996,
            18.59218128065968,
            18.825468925804465,
            19.041708815752465,
            19.208405292064125,
            19.403917769163108,
            19.611020971386626,
            19.828730902445532,
            19.90398622861125,
            20.017731638837464,
            20.034310085468526,
            19.940511221628952,
            19.782074797763183,
            19.580740921835833,
            19.347587279154165,
            19.089017896332468,
            18.809443854892727,
            18.512474279259532,
            18.20143599864517,
            17.879590325465294,
            17.550212920225714,
            17.21661160628539,
            16.882116004370726,
            16.550054412226128,
            16.223725055527737,
            15.906365100426862,
            15.601119134097425,
            15.311008057093302,
            15.038898981752379,
            14.787476565272135,
            14.559216122002027,
            14.356358809885421,
            14.180889151908916,
            14.03451512260225,
            13.918651002810456,
            13.834403177022603,
            13.7825590185534,
            13.763578974017724
        ],
        "P_hp": [
            -9.860395318625314e-09,
            -9.873117417654145e-09,
            -9.625091606484373e-09,
            0.14254388358085002,
            0.427846603215034,
            0.5115300096215534,
            0.5621755589546542,
            0.5749954027130962,
            0.5715002678697623,
            0.5745636093711245,
            0.5766468307259712,
            0.5780617449099693,
            0.5962969224010568,
            0.5944526267400406,
            0.5692459579725081,
            0.6056792016395096,
            0.6214223911251507,
            0.6389518133647022,
            0.5389440373554845,
            0.5886629052014141,
            0.515123008987237,
            0.4417419209085066,
            0.3995000285201538,
            0.36554369524509633,
            0.3354743234930886,
            0.307459655588497,
            0.2808191675503176,
            0.255386053727972,
            0.23121872291285567,
            0.20846963418375217,
            0.18732500859040996,
            0.1679765205828797,
            0.1506074777510377,
            0.13538562856153083,
            0.12245907070599782,
            0.11195368130444526,
            0.10397136585079658,
            0.09858881543680313,
            0.09585663718169701,
            0.09579880011540037,
            0.09841237238071024,
            0.10366753868117871,
            0.11150789244645598,
            0.12185099619291409,
            0.1345892046871595,
            0.14959074205467202,
            0.16670102268803144,
            0.18574420056491567,
            0.2065249650822709,
            0.22883048279668633
        ]
    },
    "params": {
        "opt_params": {
            "energy_weight": 80,
            "comfort_weight": 1,
            "rho_out": 0.18,
            "rho_in": 0.37,
            "COP": 3.5,
            "outdoor_temperature": [
                10,
                10,
                10,
                10,
                10,
                10,
                10,
                10,
                10,
                10,
                10,
                10,
                10,
                10,
                10,
                10,
                10,
                10,
                10,
                10,
                10,
                10,
                10,
                10,
                10,
                10,
                10,
                10,
                10,
                10,
                10,
                10,
                10,
                10,
                10,
                10,
                10,
                10,
                10,
                10,
                10,
                10,
                10,
                10,
                10,
                10,
                10,
                10,
                10,
                10,
                10,
                10,
                10,
                10,
                10,
                10,
                10,
                10,
                10,
                10,
                10,
                10,
                10,
                10,
                10,
                10,
                10,
                10,
                10,
                10,
                10,
                10,
                10,
                10,
                10,
                10,
                10,
                10,
                10,
                10,
                10,
                10,
                10,
                10,
                10,
                10,
                10,
                10,
                10,
                10,
                10,
                10,
                10,
                10,
                10,
                10,
                10,
                10,
                10,
                10
            ],