{
    "traj_full": {
        "peak_state": [
            1.233642,
            1.233642,
            1.233642,
            1.233642,
            1.233642,
            1.233642,
            1.233642,
            1.233642,
            1.233642,
            1.233642,
            1.233642,
            1.233642,
            1.233642,
            1.233642,
            1.233642,
            1.233642,
            1.233642,
            1.233642,
            1.233642,
            1.233642,
            1.233642,
            1.233642,
            1.233642,
            1.233642,
            1.233642
        ]
    },
    "params": {
        "opt_params": {
            "peak_weight": 40
        },
        "bounds": {
            "max_total_power": 20
        },
        "initial_state": {}
    }
}