{
    "traj_full": {
        "peak": [
            0.13222838993018984,
            0.4798298701727821,
            0.5025282838893559,
            0.5025282651080617,
            0.5025282454812258,
            0.5025282256556974,
            0.5025282057565346,
            0.50252818582304,
            0.5025281658708953,
            0.5025281459075274,
            0.5025281259369574,
            0.5025281059615554,
            0.5025280859827648,
            0.5025280660015341,
            0.5025280460185306,
            0.5025280260342293,
            0.5025280060489968,
            0.5025279860631289,
            0.5025279660768652,
            0.5025279460904095,
            0.5025279261039404,
            0.5025279061176179,
            0.5025278861315832,
            0.5025278661459474,
            0.5025278461607418,
            0.5025278261759929,
            0.5025278061917303,
            0.5025277862079859,
            0.5025277662247948,
            0.5025277462421965,
            0.5025277262602353,
            0.5025277062789599,
            0.5025276862984235,
            0.5025276663186861,
            0.5025276463398154,
            0.5025276263618879,
            0.5025276063849903,
            0.5025275864092213,
            0.5025275664346949,
            0.5025275464615417,
            0.5025275264899153,
            0.502527506519995,
            0.5025274865519949,
            0.5025274665861715,
            0.5025274466228374,
            0.5025274266623774,
            0.5025274067052742,
            0.502527386752116,
            0.5025273668037242,
            0.5025273468612975
        ]
    },
    "params": {
        "opt_params": {
            "peak_weight": 10
        },
        "bounds": {
            "max_total_power": 1.5
        },
        "initial_state": {}
    }
}